model,overall_score_rate,Correlation Analysis,Contingency Table Test,Distribution Compliance Test,Variance Test,Descriptive Statistics
gpt-5.2_stats-prompt,0.9742,0.91667,0.97656,1.0,0.96721,0.99228
gpt-5.2-one-shot-CoT,0.96733,0.91667,0.96094,0.99576,0.96721,0.98069
gpt-5.2-zero-shot,0.92089,0.91071,0.96484,0.97034,0.81557,0.93822
gpt-5.2-one-shot,0.96045,0.91667,0.96094,0.99576,0.93443,0.98069
gpt-5.2-zero-shot-CoT,0.92175,0.88095,0.96484,0.97458,0.84016,0.93436
